[
  {
    "name": "Aceh",
    "provinsi": "Aceh",
    "zone_code": "11"
  },
  {
    "name": "Sumatera Utara",
    "provinsi": "Sumatera Utara",
    "zone_code": "12"
  },
  {
    "name": "Sumatera Barat",
    "provinsi": "Sumatera Barat",
    "zone_code": "13"
  },
  {
    "name": "Riau",
    "provinsi": "Riau",
    "zone_code": "14"
  },
  {
    "name": "Jambi",
    "provinsi": "Jambi",
    "zone_code": "15"
  },
  {
    "name": "Sumatera Selatan",
    "provinsi": "Sumatera Selatan",
    "zone_code": "16"
  },
  {
    "name": "Bengkulu",
    "provinsi": "Bengkulu",
    "zone_code": "17"
  },
  {
    "name": "Lampung",
    "provinsi": "Lampung",
    "zone_code": "18"
  },
  {
    "name": "Kepulauan Bangka Belitung",
    "provinsi": "Kepulauan Bangka Belitung",
    "zone_code": "19"
  },
  {
    "name": "Kepulauan Riau",
    "provinsi": "Kepulauan Riau",
    "zone_code": "21"
  },
  {
    "name": "Daerah Khusus Ibukota Jakarta",
    "provinsi": "Daerah Khusus Ibukota Jakarta",
    "zone_code": "31"
  },
  {
    "name": "Jawa Barat",
    "provinsi": "Jawa Barat",
    "zone_code": "32"
  },
  {
    "name": "Jawa Tengah",
    "provinsi": "Jawa Tengah",
    "zone_code": "33"
  },
  {
    "name": "Daerah Istimewa Yogyakarta",
    "provinsi": "Daerah Istimewa Yogyakarta",
    "zone_code": "34"
  },
  {
    "name": "Jawa Timur",
    "provinsi": "Jawa Timur",
    "zone_code": "35"
  },
  {
    "name": "Banten",
    "provinsi": "Banten",
    "zone_code": "36"
  },
  {
    "name": "Bali",
    "provinsi": "Bali",
    "zone_code": "51"
  },
  {
    "name": "Nusa Tenggara Barat",
    "provinsi": "Nusa Tenggara Barat",
    "zone_code": "52"
  },
  {
    "name": "Nusa Tenggara Timur",
    "provinsi": "Nusa Tenggara Timur",
    "zone_code": "53"
  },
  {
    "name": "Kalimantan Barat",
    "provinsi": "Kalimantan Barat",
    "zone_code": "61"
  },
  {
    "name": "Kalimantan Tengah",
    "provinsi": "Kalimantan Tengah",
    "zone_code": "62"
  },
  {
    "name": "Kalimantan Selatan",
    "provinsi": "Kalimantan Selatan",
    "zone_code": "63"
  },
  {
    "name": "Kalimantan Timur",
    "provinsi": "Kalimantan Timur",
    "zone_code": "64"
  },
  {
    "name": "Kalimantan Utara",
    "provinsi": "Kalimantan Utara",
    "zone_code": "65"
  },
  {
    "name": "Sulawesi Utara",
    "provinsi": "Sulawesi Utara",
    "zone_code": "71"
  },
  {
    "name": "Sulawesi Tengah",
    "provinsi": "Sulawesi Tengah",
    "zone_code": "72"
  },
  {
    "name": "Sulawesi Selatan",
    "provinsi": "Sulawesi Selatan",
    "zone_code": "73"
  },
  {
    "name": "Sulawesi Tenggara",
    "provinsi": "Sulawesi Tenggara",
    "zone_code": "74"
  },
  {
    "name": "Gorontalo",
    "provinsi": "Gorontalo",
    "zone_code": "75"
  },
  {
    "name": "Sulawesi Barat",
    "provinsi": "Sulawesi Barat",
    "zone_code": "76"
  },
  {
    "name": "Maluku",
    "provinsi": "Maluku",
    "zone_code": "81"
  },
  {
    "name": "Maluku Utara",
    "provinsi": "Maluku Utara",
    "zone_code": "82"
  },
  {
    "name": "Papua",
    "provinsi": "Papua",
    "zone_code": "91"
  },
  {
    "name": "Papua Barat",
    "provinsi": "Papua Barat",
    "zone_code": "92"
  },
  {
    "name": "Papua Selatan",
    "provinsi": "Papua Selatan",
    "zone_code": "93"
  },
  {
    "name": "Papua Tengah",
    "provinsi": "Papua Tengah",
    "zone_code": "94"
  },
  {
    "name": "Papua Pegunungan",
    "provinsi": "Papua Pegunungan",
    "zone_code": "95"
  },
  {
    "name": "Papua Barat Daya",
    "provinsi": "Papua Barat Daya",
    "zone_code": "96"
  }
]